<?xml version="1.0" encoding="UTF-8"?>
<jcr:root xmlns:dam="http://www.day.com/dam/1.0" xmlns:cq="http://www.day.com/jcr/cq/1.0" xmlns:jcr="http://www.jcp.org/jcr/1.0" xmlns:mix="http://www.jcp.org/jcr/mix/1.0" xmlns:nt="http://www.jcp.org/jcr/nt/1.0"
    jcr:isCheckedOut="{Boolean}true"
    jcr:mixinTypes="[mix:referenceable,mix:versionable]"
    jcr:primaryType="dam:Asset"
    jcr:uuid="ff5c2985-3a3e-4b4b-a1ac-bd1b648f96ac">
    <jcr:content
        cq:name="content-fragment-1"
        cq:parentPath="/content/dam/kb"
        cq:versionCreator="admin"
        jcr:description=""
        jcr:lastModified="{Date}2019-10-21T13:52:55.929+05:30"
        jcr:lastModifiedBy="admin"
        jcr:primaryType="dam:AssetContent"
        jcr:title="content-fragment-1"
        contentFragment="{Boolean}true"
        lastFragmentSave="{Date}2019-10-21T13:52:55.930+05:30">
        <data
            cq:model="/conf/kb/settings/dam/cfm/models/model-1"
            jcr:primaryType="nt:unstructured">
            <master
                jcr:mixinTypes="[cq:Taggable]"
                jcr:primaryType="nt:unstructured"
                description="&lt;p>This is sample description&lt;/p>&#xa;"
                description_x0040_ContentType="text/html"
                description_x0040_LastModified="{Date}2019-10-21T13:46:55.601+05:30"
                f1_x0040_LastModified="{Date}2019-10-21T13:42:11.501+05:30"
                text="Author1"
                text_x0040_LastModified="{Date}2019-10-21T13:46:55.600+05:30"/>
            <mobile
                jcr:mixinTypes="[cq:Taggable]"
                jcr:primaryType="nt:unstructured"
                description="&lt;p>This is sample description...mobile&lt;/p>&#xa;"
                description_x0040_ContentType="text/html"
                description_x0040_LastModified="{Date}2019-10-21T13:52:55.860+05:30"
                text="Author1"
                text_x0040_LastModified="{Date}2019-10-21T13:52:55.859+05:30"/>
        </data>
        <metadata
            jcr:mixinTypes="[cq:Taggable]"
            jcr:primaryType="nt:unstructured"/>
        <model jcr:primaryType="nt:unstructured">
            <variations jcr:primaryType="nt:unstructured">
                <mobile
                    jcr:description=""
                    jcr:mixinTypes="[cq:Taggable]"
                    jcr:primaryType="nt:unstructured"
                    jcr:title="mobile"
                    name="mobile">
                    <properties
                        jcr:primaryType="nt:unstructured"
                        synchronizeWithVersion="[text:10c2c262-9f8f-43d2-91e6-22f734b602d0,description:10c2c262-9f8f-43d2-91e6-22f734b602d0]"/>
                </mobile>
            </variations>
        </model>
        <related jcr:primaryType="nt:unstructured"/>
    </jcr:content>
</jcr:root>
